player_name,league,role,cluster,cluster_name
A Carter,T20_Blast,Bowler,3,"Economical Bowlers, Low Recent Activity"
A Chandila,IPL,Bowler,3,"Economical Bowlers, Low Recent Activity"
A Kumble,IPL,Bowler,3,"Economical Bowlers, Low Recent Activity"
A Mishra,IPL,Bowler,0,Experienced Wicket-Takers
A Mithun,IPL,Bowler,2,Developing Bowlers
A Nehra,IPL,Bowler,0,Experienced Wicket-Takers
A Nortje,CPL,Bowler,1,Recent-Form Strike Bowlers
A Nortje,IPL,Bowler,1,Recent-Form Strike Bowlers
A Phillip,CPL,Bowler,2,Developing Bowlers
A Shahzad,T20_Blast,Bowler,3,"Economical Bowlers, Low Recent Activity"
A Singh,IPL,Bowler,3,"Economical Bowlers, Low Recent Activity"
A Zampa,BBL,Bowler,0,Experienced Wicket-Takers
A Zampa,CPL,Bowler,2,Developing Bowlers
A Zampa,IPL,Bowler,1,Recent-Form Strike Bowlers
A Zampa,T20_Blast,Bowler,3,"Economical Bowlers, Low Recent Activity"
AA Chavan,IPL,Bowler,2,Developing Bowlers
AAP Atkinson,T20_Blast,Bowler,1,Recent-Form Strike Bowlers
AB Agarkar,IPL,Bowler,2,Developing Bowlers
AB Dinda,IPL,Bowler,0,Experienced Wicket-Takers
AB McDonald,IPL,Bowler,3,"Economical Bowlers, Low Recent Activity"
AC Agar,T20_Blast,Bowler,2,Developing Bowlers
AC Lenham,T20_Blast,Bowler,2,Developing Bowlers
AC McDermott,BBL,Bowler,3,"Economical Bowlers, Low Recent Activity"
AC Thomas,BBL,Bowler,3,"Economical Bowlers, Low Recent Activity"
AC Thomas,IPL,Bowler,3,"Economical Bowlers, Low Recent Activity"
AC Thomas,T20_Blast,Bowler,2,Developing Bowlers
AD Mascarenhas,IPL,Bowler,3,"Economical Bowlers, Low Recent Activity"
AEN Riley,T20_Blast,Bowler,3,"Economical Bowlers, Low Recent Activity"
AF Milne,BBL,Bowler,2,Developing Bowlers
AF Milne,IPL,Bowler,2,Developing Bowlers
AF Milne,T20_Blast,Bowler,3,"Economical Bowlers, Low Recent Activity"
AG Murtaza,IPL,Bowler,3,"Economical Bowlers, Low Recent Activity"
AJ Ball,T20_Blast,Bowler,2,Developing Bowlers
AJ Hosein,BBL,Bowler,1,Recent-Form Strike Bowlers
AJ Hosein,PSL,Bowler,1,Recent-Form Strike Bowlers
AJ Ireland,T20_Blast,Bowler,3,"Economical Bowlers, Low Recent Activity"
AJ Tye,BBL,Bowler,0,Experienced Wicket-Takers
AJ Tye,IPL,Bowler,1,Recent-Form Strike Bowlers
AL Fekete,BBL,Bowler,2,Developing Bowlers
AN Ahmed,IPL,Bowler,2,Developing Bowlers
AP Palladino,T20_Blast,Bowler,2,Developing Bowlers
AR Nedd,CPL,Bowler,3,"Economical Bowlers, Low Recent Activity"
AS Joseph,IPL,Bowler,2,Developing Bowlers
AS Rajpoot,IPL,Bowler,2,Developing Bowlers
ASS Nijjar,T20_Blast,Bowler,2,Developing Bowlers
AT Thomson,T20_Blast,Bowler,2,Developing Bowlers
AU Rashid,T20_Blast,Bowler,0,Experienced Wicket-Takers
AW Finch,T20_Blast,Bowler,2,Developing Bowlers
AW Gorvin,T20_Blast,Bowler,1,Recent-Form Strike Bowlers
AW O'Brien,BBL,Bowler,3,"Economical Bowlers, Low Recent Activity"
Aamer Jamal,PSL,Bowler,2,Developing Bowlers
Aamer Yamin,PSL,Bowler,2,Developing Bowlers
Aaron Beard,T20_Blast,Bowler,2,Developing Bowlers
Abbas Afridi,PSL,Bowler,1,Recent-Form Strike Bowlers
Abrar Ahmed,PSL,Bowler,1,Recent-Form Strike Bowlers
Ahmed Daniyal,PSL,Bowler,2,Developing Bowlers
Akash Madhwal,IPL,Bowler,1,Recent-Form Strike Bowlers
Akif Javed,PSL,Bowler,1,Recent-Form Strike Bowlers
Ali Khan,CPL,Bowler,0,Experienced Wicket-Takers
Amad Butt,PSL,Bowler,2,Developing Bowlers
Ankit Sharma,IPL,Bowler,3,"Economical Bowlers, Low Recent Activity"
Anureet Singh,IPL,Bowler,2,Developing Bowlers
Arshad Iqbal,PSL,Bowler,1,Recent-Form Strike Bowlers
Arshdeep Singh,IPL,Bowler,1,Recent-Form Strike Bowlers
Avesh Khan,IPL,Bowler,1,Recent-Form Strike Bowlers
Azeem Rafiq,T20_Blast,Bowler,3,"Economical Bowlers, Low Recent Activity"
Azharullah,T20_Blast,Bowler,2,Developing Bowlers
B Akhil,IPL,Bowler,2,Developing Bowlers
B Doggett,BBL,Bowler,0,Experienced Wicket-Takers
B Kumar,IPL,Bowler,0,Experienced Wicket-Takers
B Laughlin,BBL,Bowler,0,Experienced Wicket-Takers
B Laughlin,CPL,Bowler,3,"Economical Bowlers, Low Recent Activity"
B Lee,BBL,Bowler,3,"Economical Bowlers, Low Recent Activity"
B Lee,IPL,Bowler,3,"Economical Bowlers, Low Recent Activity"
B Muzarabani,PSL,Bowler,1,Recent-Form Strike Bowlers
B Stanlake,BBL,Bowler,0,Experienced Wicket-Takers
BA Bhatt,IPL,Bowler,3,"Economical Bowlers, Low Recent Activity"
BAD Manenti,BBL,Bowler,3,"Economical Bowlers, Low Recent Activity"
BAW Mendis,IPL,Bowler,3,"Economical Bowlers, Low Recent Activity"
BB Sran,IPL,Bowler,2,Developing Bowlers
BC Cullen,T20_Blast,Bowler,1,Recent-Form Strike Bowlers
BCJ Cutting,CPL,Bowler,2,Developing Bowlers
BD Cotton,T20_Blast,Bowler,2,Developing Bowlers
BD Glover,T20_Blast,Bowler,2,Developing Bowlers
BJ Currie,T20_Blast,Bowler,1,Recent-Form Strike Bowlers
BJ Dwarshuis,T20_Blast,Bowler,1,Recent-Form Strike Bowlers
BJ McCarthy,T20_Blast,Bowler,3,"Economical Bowlers, Low Recent Activity"
BL Couch,BBL,Bowler,2,Developing Bowlers
BMJ Allison,T20_Blast,Bowler,2,Developing Bowlers
BO Coad,T20_Blast,Bowler,2,Developing Bowlers
BTJ Wheal,T20_Blast,Bowler,1,Recent-Form Strike Bowlers
BW Hilfenhaus,IPL,Bowler,3,"Economical Bowlers, Low Recent Activity"
BW Sanderson,T20_Blast,Bowler,0,Experienced Wicket-Takers
Basil Thampi,IPL,Bowler,2,Developing Bowlers
Bipul Sharma,IPL,Bowler,2,Developing Bowlers
C McKerr,T20_Blast,Bowler,2,Developing Bowlers
C Rushworth,T20_Blast,Bowler,0,Experienced Wicket-Takers
C Sakariya,IPL,Bowler,1,Recent-Form Strike Bowlers
C Valente,BBL,Bowler,2,Developing Bowlers
CA Rose,BBL,Bowler,2,Developing Bowlers
CAJ Morris,T20_Blast,Bowler,2,Developing Bowlers
CD Hinchliffe,BBL,Bowler,2,Developing Bowlers
CH Morris,BBL,Bowler,3,"Economical Bowlers, Low Recent Activity"
CH Morris,T20_Blast,Bowler,3,"Economical Bowlers, Low Recent Activity"
CJ Boyce,BBL,Bowler,0,Experienced Wicket-Takers
CJ Gannon,BBL,Bowler,1,Recent-Form Strike Bowlers
CJ Haggett,T20_Blast,Bowler,2,Developing Bowlers
CJ Jordan,CPL,Bowler,1,Recent-Form Strike Bowlers
CJ Jordan,IPL,Bowler,2,Developing Bowlers
CJ Jordan,PSL,Bowler,1,Recent-Form Strike Bowlers
CJ Liddle,T20_Blast,Bowler,2,Developing Bowlers
CJ McKay,BBL,Bowler,3,"Economical Bowlers, Low Recent Activity"
CJ McKay,T20_Blast,Bowler,3,"Economical Bowlers, Low Recent Activity"
CJ Russell,T20_Blast,Bowler,1,Recent-Form Strike Bowlers
CJC Wright,T20_Blast,Bowler,2,Developing Bowlers
CN Miles,T20_Blast,Bowler,0,Experienced Wicket-Takers
CP Tremain,BBL,Bowler,3,"Economical Bowlers, Low Recent Activity"
CP Wood,T20_Blast,Bowler,0,Experienced Wicket-Takers
CR Brathwaite,BBL,Bowler,3,"Economical Bowlers, Low Recent Activity"
CR Brathwaite,IPL,Bowler,2,Developing Bowlers
CR Brathwaite,PSL,Bowler,2,Developing Bowlers
CR Woakes,IPL,Bowler,3,"Economical Bowlers, Low Recent Activity"
CRD Fernando,IPL,Bowler,3,"Economical Bowlers, Low Recent Activity"
CT Steel,T20_Blast,Bowler,2,Developing Bowlers
CV Varun,IPL,Bowler,0,Experienced Wicket-Takers
D Bishoo,CPL,Bowler,3,"Economical Bowlers, Low Recent Activity"
D Klein,T20_Blast,Bowler,2,Developing Bowlers
D Moriarty,T20_Blast,Bowler,0,Experienced Wicket-Takers
D Paterson,T20_Blast,Bowler,1,Recent-Form Strike Bowlers
D Wiese,IPL,Bowler,2,Developing Bowlers
DA Cosker,T20_Blast,Bowler,3,"Economical Bowlers, Low Recent Activity"
DA Griffiths,T20_Blast,Bowler,2,Developing Bowlers
DA Payne,BBL,Bowler,1,Recent-Form Strike Bowlers
DA Payne,T20_Blast,Bowler,0,Experienced Wicket-Takers
DC Drakes,CPL,Bowler,2,Developing Bowlers
DD Masters,T20_Blast,Bowler,3,"Economical Bowlers, Low Recent Activity"
DE Bernard,CPL,Bowler,3,"Economical Bowlers, Low Recent Activity"
DE Bollinger,BBL,Bowler,2,Developing Bowlers
DE Bollinger,IPL,Bowler,3,"Economical Bowlers, Low Recent Activity"
DE Johnson,CPL,Bowler,3,"Economical Bowlers, Low Recent Activity"
DJ Wainwright,T20_Blast,Bowler,2,Developing Bowlers
DJ Willey,BBL,Bowler,3,"Economical Bowlers, Low Recent Activity"
DJ Willey,IPL,Bowler,2,Developing Bowlers
DJ Willey,PSL,Bowler,1,Recent-Form Strike Bowlers
DJ Worrall,BBL,Bowler,3,"Economical Bowlers, Low Recent Activity"
DJ Worrall,T20_Blast,Bowler,2,Developing Bowlers
DJG Sammy,T20_Blast,Bowler,2,Developing Bowlers
DJM Moody,BBL,Bowler,2,Developing Bowlers
DL Chahar,IPL,Bowler,0,Experienced Wicket-Takers
DL Vettori,BBL,Bowler,3,"Economical Bowlers, Low Recent Activity"
DL Vettori,CPL,Bowler,3,"Economical Bowlers, Low Recent Activity"
DL Vettori,IPL,Bowler,3,"Economical Bowlers, Low Recent Activity"
DP Nannes,BBL,Bowler,3,"Economical Bowlers, Low Recent Activity"
DP Nannes,IPL,Bowler,3,"Economical Bowlers, Low Recent Activity"
DP Nannes,T20_Blast,Bowler,3,"Economical Bowlers, Low Recent Activity"
DR Briggs,BBL,Bowler,3,"Economical Bowlers, Low Recent Activity"
DR Briggs,T20_Blast,Bowler,0,Experienced Wicket-Takers
DR Sams,IPL,Bowler,2,Developing Bowlers
DS Kulkarni,IPL,Bowler,0,Experienced Wicket-Takers
DT Christian,PSL,Bowler,2,Developing Bowlers
DW Steyn,IPL,Bowler,0,Experienced Wicket-Takers
DY Pennington,T20_Blast,Bowler,0,Experienced Wicket-Takers
DYA Davis,CPL,Bowler,3,"Economical Bowlers, Low Recent Activity"
Dilbar Hussain,PSL,Bowler,1,Recent-Form Strike Bowlers
F O'Neill,BBL,Bowler,3,"Economical Bowlers, Low Recent Activity"
FH Edwards,CPL,Bowler,3,"Economical Bowlers, Low Recent Activity"
FH Edwards,T20_Blast,Bowler,3,"Economical Bowlers, Low Recent Activity"
FJ Heldreich,T20_Blast,Bowler,1,Recent-Form Strike Bowlers
FJ Klaassen,T20_Blast,Bowler,0,Experienced Wicket-Takers
Faheem Ashraf,T20_Blast,Bowler,3,"Economical Bowlers, Low Recent Activity"
Fawad Ahmed,BBL,Bowler,0,Experienced Wicket-Takers
Fawad Ahmed,CPL,Bowler,3,"Economical Bowlers, Low Recent Activity"
Fawad Ahmed,PSL,Bowler,1,Recent-Form Strike Bowlers
G Coetzee,IPL,Bowler,1,Recent-Form Strike Bowlers
G Motie,CPL,Bowler,0,Experienced Wicket-Takers
GA Edwards,T20_Blast,Bowler,3,"Economical Bowlers, Low Recent Activity"
GB Hogg,BBL,Bowler,3,"Economical Bowlers, Low Recent Activity"
GB Hogg,IPL,Bowler,3,"Economical Bowlers, Low Recent Activity"
GC Viljoen,T20_Blast,Bowler,3,"Economical Bowlers, Low Recent Activity"
GD Elliott,PSL,Bowler,3,"Economical Bowlers, Low Recent Activity"
GD McGrath,IPL,Bowler,3,"Economical Bowlers, Low Recent Activity"
GE Mathurin,CPL,Bowler,3,"Economical Bowlers, Low Recent Activity"
GH Rhodes,T20_Blast,Bowler,2,Developing Bowlers
GHS Garton,BBL,Bowler,2,Developing Bowlers
GJ Batty,T20_Blast,Bowler,0,Experienced Wicket-Takers
GJ McCarter,T20_Blast,Bowler,3,"Economical Bowlers, Low Recent Activity"
GLS Scrimshaw,T20_Blast,Bowler,1,Recent-Form Strike Bowlers
GR Breese,T20_Blast,Bowler,3,"Economical Bowlers, Low Recent Activity"
GR Napier,T20_Blast,Bowler,3,"Economical Bowlers, Low Recent Activity"
GS Sandhu,BBL,Bowler,0,Experienced Wicket-Takers
GT Griffiths,T20_Blast,Bowler,0,Experienced Wicket-Takers
Ghulam Mudassar,PSL,Bowler,2,Developing Bowlers
H Kerr,T20_Blast,Bowler,1,Recent-Form Strike Bowlers
HF Gurney,BBL,Bowler,3,"Economical Bowlers, Low Recent Activity"
HF Gurney,T20_Blast,Bowler,0,Experienced Wicket-Takers
HNA Conway,BBL,Bowler,2,Developing Bowlers
HR Shokeen,IPL,Bowler,2,Developing Bowlers
HR Walsh,CPL,Bowler,3,"Economical Bowlers, Low Recent Activity"
HR Walsh,T20_Blast,Bowler,2,Developing Bowlers
HT Crocombe,T20_Blast,Bowler,2,Developing Bowlers
HTRY Thornton,BBL,Bowler,1,Recent-Form Strike Bowlers
HV Patel,IPL,Bowler,0,Experienced Wicket-Takers
HW Podmore,T20_Blast,Bowler,2,Developing Bowlers
Haris Rauf,BBL,Bowler,1,Recent-Form Strike Bowlers
Haris Rauf,PSL,Bowler,0,Experienced Wicket-Takers
Harmeet Singh,IPL,Bowler,3,"Economical Bowlers, Low Recent Activity"
Harshit Rana,IPL,Bowler,1,Recent-Form Strike Bowlers
Hasan Ali,PSL,Bowler,0,Experienced Wicket-Takers
Hasan Ali,T20_Blast,Bowler,1,Recent-Form Strike Bowlers
Hassan Khan,PSL,Bowler,3,"Economical Bowlers, Low Recent Activity"
I Khan,CPL,Bowler,3,"Economical Bowlers, Low Recent Activity"
I Sharma,IPL,Bowler,0,Experienced Wicket-Takers
I Udana,IPL,Bowler,2,Developing Bowlers
IAA Thomas,T20_Blast,Bowler,2,Developing Bowlers
IC Pandey,IPL,Bowler,3,"Economical Bowlers, Low Recent Activity"
IS Sodhi,T20_Blast,Bowler,0,Experienced Wicket-Takers
Ihsanullah,PSL,Bowler,1,Recent-Form Strike Bowlers
Imran Khalid,PSL,Bowler,3,"Economical Bowlers, Low Recent Activity"
Imran Qayyum,T20_Blast,Bowler,3,"Economical Bowlers, Low Recent Activity"
Imran Tahir,CPL,Bowler,0,Experienced Wicket-Takers
Imran Tahir,IPL,Bowler,3,"Economical Bowlers, Low Recent Activity"
Imran Tahir,PSL,Bowler,0,Experienced Wicket-Takers
Imran Tahir,T20_Blast,Bowler,3,"Economical Bowlers, Low Recent Activity"
Iqbal Abdulla,IPL,Bowler,3,"Economical Bowlers, Low Recent Activity"
J Bishop,CPL,Bowler,3,"Economical Bowlers, Low Recent Activity"
J Botha,CPL,Bowler,3,"Economical Bowlers, Low Recent Activity"
J Glen,CPL,Bowler,3,"Economical Bowlers, Low Recent Activity"
J Hull,T20_Blast,Bowler,1,Recent-Form Strike Bowlers
J Little,IPL,Bowler,2,Developing Bowlers
J Overton,BBL,Bowler,1,Recent-Form Strike Bowlers
J Royal,CPL,Bowler,3,"Economical Bowlers, Low Recent Activity"
J Shaw,T20_Blast,Bowler,0,Experienced Wicket-Takers
J Suchith,IPL,Bowler,1,Recent-Form Strike Bowlers
J Syed Mohammad,IPL,Bowler,2,Developing Bowlers
J Theron,CPL,Bowler,3,"Economical Bowlers, Low Recent Activity"
J Theron,IPL,Bowler,3,"Economical Bowlers, Low Recent Activity"
J Yadav,IPL,Bowler,3,"Economical Bowlers, Low Recent Activity"
JA Brooks,T20_Blast,Bowler,1,Recent-Form Strike Bowlers
JA Chohan,T20_Blast,Bowler,1,Recent-Form Strike Bowlers
JA Porter,T20_Blast,Bowler,2,Developing Bowlers
JA Prestwidge,BBL,Bowler,2,Developing Bowlers
JA Richardson,BBL,Bowler,0,Experienced Wicket-Takers
JA Sinclair,CPL,Bowler,2,Developing Bowlers
JA Turner,T20_Blast,Bowler,1,Recent-Form Strike Bowlers
JAR Harris,T20_Blast,Bowler,2,Developing Bowlers
JB Lintott,T20_Blast,Bowler,0,Experienced Wicket-Takers
JC Archer,BBL,Bowler,3,"Economical Bowlers, Low Recent Activity"
JC Archer,T20_Blast,Bowler,1,Recent-Form Strike Bowlers
JC Tongue,T20_Blast,Bowler,2,Developing Bowlers
JC Tredwell,T20_Blast,Bowler,3,"Economical Bowlers, Low Recent Activity"
JD Cook,BBL,Bowler,3,"Economical Bowlers, Low Recent Activity"
JD Shantry,T20_Blast,Bowler,2,Developing Bowlers
JD Unadkat,IPL,Bowler,0,Experienced Wicket-Takers
JDP Oram,IPL,Bowler,2,Developing Bowlers
JDS Neesham,CPL,Bowler,2,Developing Bowlers
JDS Neesham,IPL,Bowler,2,Developing Bowlers
JE Burke,T20_Blast,Bowler,2,Developing Bowlers
JE Poysden,T20_Blast,Bowler,3,"Economical Bowlers, Low Recent Activity"
JE Taylor,CPL,Bowler,2,Developing Bowlers
JE Taylor,T20_Blast,Bowler,3,"Economical Bowlers, Low Recent Activity"
JH Davey,T20_Blast,Bowler,1,Recent-Form Strike Bowlers
JH Plom,T20_Blast,Bowler,2,Developing Bowlers
JJ Bumrah,IPL,Bowler,0,Experienced Wicket-Takers
JJ Carson,T20_Blast,Bowler,2,Developing Bowlers
JK Lalor,BBL,Bowler,0,Experienced Wicket-Takers
JKH Naik,T20_Blast,Bowler,3,"Economical Bowlers, Low Recent Activity"
JL Jaggesar,CPL,Bowler,3,"Economical Bowlers, Low Recent Activity"
JL Pattinson,BBL,Bowler,3,"Economical Bowlers, Low Recent Activity"
JL Pattinson,IPL,Bowler,2,Developing Bowlers
JM Bird,BBL,Bowler,0,Experienced Wicket-Takers
JM Blatherwick,T20_Blast,Bowler,2,Developing Bowlers
JM De Caires,T20_Blast,Bowler,2,Developing Bowlers
JM Holland,BBL,Bowler,2,Developing Bowlers
JM Mennie,BBL,Bowler,2,Developing Bowlers
JNT Seales,CPL,Bowler,2,Developing Bowlers
JP Behrendorff,BBL,Bowler,0,Experienced Wicket-Takers
JP Behrendorff,IPL,Bowler,1,Recent-Form Strike Bowlers
JP Behrendorff,T20_Blast,Bowler,2,Developing Bowlers
JP Faulkner,PSL,Bowler,1,Recent-Form Strike Bowlers
JP McIlroy,T20_Blast,Bowler,1,Recent-Form Strike Bowlers
JPR Scantlebury-Searles,CPL,Bowler,2,Developing Bowlers
JR Coleman,BBL,Bowler,3,"Economical Bowlers, Low Recent Activity"
JR Hazlewood,BBL,Bowler,3,"Economical Bowlers, Low Recent Activity"
JR Hazlewood,IPL,Bowler,1,Recent-Form Strike Bowlers
JS Paris,BBL,Bowler,2,Developing Bowlers
JS Patel,T20_Blast,Bowler,0,Experienced Wicket-Takers
JT Ball,T20_Blast,Bowler,0,Experienced Wicket-Takers
JW Dernbach,T20_Blast,Bowler,0,Experienced Wicket-Takers
JW Hastings,BBL,Bowler,3,"Economical Bowlers, Low Recent Activity"
JW Shutt,T20_Blast,Bowler,1,Recent-Form Strike Bowlers
James Middlebrook,T20_Blast,Bowler,3,"Economical Bowlers, Low Recent Activity"
Joginder Sharma,IPL,Bowler,2,Developing Bowlers
Junaid Khan,PSL,Bowler,3,"Economical Bowlers, Low Recent Activity"
Junaid Khan,T20_Blast,Bowler,3,"Economical Bowlers, Low Recent Activity"
K Kartikeya,IPL,Bowler,2,Developing Bowlers
K Pierre,CPL,Bowler,0,Experienced Wicket-Takers
K Rabada,IPL,Bowler,0,Experienced Wicket-Takers
K Santokie,CPL,Bowler,0,Experienced Wicket-Takers
K Sinclair,CPL,Bowler,3,"Economical Bowlers, Low Recent Activity"
KAJ Roach,CPL,Bowler,2,Developing Bowlers
KC Cariappa,IPL,Bowler,2,Developing Bowlers
KHD Barker,T20_Blast,Bowler,3,"Economical Bowlers, Low Recent Activity"
KJ Abbott,T20_Blast,Bowler,0,Experienced Wicket-Takers
KK Ahmed,IPL,Bowler,1,Recent-Form Strike Bowlers
KK Cooper,IPL,Bowler,3,"Economical Bowlers, Low Recent Activity"
KL Nagarkoti,IPL,Bowler,2,Developing Bowlers
KM Jarvis,T20_Blast,Bowler,3,"Economical Bowlers, Low Recent Activity"
KOK Williams,CPL,Bowler,0,Experienced Wicket-Takers
KP Appanna,IPL,Bowler,2,Developing Bowlers
KR Sen,IPL,Bowler,1,Recent-Form Strike Bowlers
KV Sharma,IPL,Bowler,0,Experienced Wicket-Takers
KW Richardson,BBL,Bowler,0,Experienced Wicket-Takers
KW Richardson,IPL,Bowler,3,"Economical Bowlers, Low Recent Activity"
Kabir Ali,T20_Blast,Bowler,3,"Economical Bowlers, Low Recent Activity"
Kartik Tyagi,IPL,Bowler,2,Developing Bowlers
Khurram Shahzad,PSL,Bowler,1,Recent-Form Strike Bowlers
Kuldeep Yadav,IPL,Bowler,0,Experienced Wicket-Takers
L Balaji,IPL,Bowler,3,"Economical Bowlers, Low Recent Activity"
L Bowe,BBL,Bowler,2,Developing Bowlers
L Ngidi,IPL,Bowler,3,"Economical Bowlers, Low Recent Activity"
L Pope,BBL,Bowler,1,Recent-Form Strike Bowlers
L Wood,BBL,Bowler,1,Recent-Form Strike Bowlers
L Wood,PSL,Bowler,1,Recent-Form Strike Bowlers
L Wood,T20_Blast,Bowler,0,Experienced Wicket-Takers
LA Doran,BBL,Bowler,3,"Economical Bowlers, Low Recent Activity"
LC Hatcher,BBL,Bowler,1,Recent-Form Strike Bowlers
LC Norwell,T20_Blast,Bowler,2,Developing Bowlers
LH Ferguson,IPL,Bowler,1,Recent-Form Strike Bowlers
LH Ferguson,T20_Blast,Bowler,3,"Economical Bowlers, Low Recent Activity"
LJ Fletcher,T20_Blast,Bowler,0,Experienced Wicket-Takers
LN O'Connor,BBL,Bowler,3,"Economical Bowlers, Low Recent Activity"
LR Morris,BBL,Bowler,1,Recent-Form Strike Bowlers
LV van Beek,T20_Blast,Bowler,2,Developing Bowlers
LW Feldman,BBL,Bowler,3,"Economical Bowlers, Low Recent Activity"
M Ashwin,IPL,Bowler,2,Developing Bowlers
M Carter,T20_Blast,Bowler,0,Experienced Wicket-Takers
M Jansen,IPL,Bowler,2,Developing Bowlers
M Kartik,IPL,Bowler,3,"Economical Bowlers, Low Recent Activity"
M Kelly,BBL,Bowler,1,Recent-Form Strike Bowlers
M Markande,IPL,Bowler,1,Recent-Form Strike Bowlers
M Morkel,IPL,Bowler,3,"Economical Bowlers, Low Recent Activity"
M Muralitharan,BBL,Bowler,3,"Economical Bowlers, Low Recent Activity"
M Muralitharan,IPL,Bowler,3,"Economical Bowlers, Low Recent Activity"
M Pathirana,IPL,Bowler,1,Recent-Form Strike Bowlers
M Prasidh Krishna,IPL,Bowler,1,Recent-Form Strike Bowlers
M Pretorius,CPL,Bowler,2,Developing Bowlers
M Theekshana,CPL,Bowler,1,Recent-Form Strike Bowlers
M Theekshana,IPL,Bowler,3,"Economical Bowlers, Low Recent Activity"
M de Lange,CPL,Bowler,3,"Economical Bowlers, Low Recent Activity"
M de Lange,T20_Blast,Bowler,0,Experienced Wicket-Takers
MA Beer,BBL,Bowler,3,"Economical Bowlers, Low Recent Activity"
MA Starc,BBL,Bowler,3,"Economical Bowlers, Low Recent Activity"
MA Starc,IPL,Bowler,1,Recent-Form Strike Bowlers
MA Wood,T20_Blast,Bowler,3,"Economical Bowlers, Low Recent Activity"
MD Fisher,T20_Blast,Bowler,0,Experienced Wicket-Takers
MD Taylor,T20_Blast,Bowler,0,Experienced Wicket-Takers
ME Claydon,T20_Blast,Bowler,0,Experienced Wicket-Takers
ME Milnes,T20_Blast,Bowler,2,Developing Bowlers
MET Salisbury,T20_Blast,Bowler,2,Developing Bowlers
MF Maharoof,IPL,Bowler,3,"Economical Bowlers, Low Recent Activity"
MG Hogan,T20_Blast,Bowler,0,Experienced Wicket-Takers
MG Johnson,BBL,Bowler,3,"Economical Bowlers, Low Recent Activity"
MG Neser,T20_Blast,Bowler,1,Recent-Form Strike Bowlers
MH Yardy,T20_Blast,Bowler,2,Developing Bowlers
MJ Henry,T20_Blast,Bowler,1,Recent-Form Strike Bowlers
MJ McClenaghan,BBL,Bowler,2,Developing Bowlers
MJ McClenaghan,CPL,Bowler,2,Developing Bowlers
MJ McClenaghan,IPL,Bowler,3,"Economical Bowlers, Low Recent Activity"
MJ Potts,T20_Blast,Bowler,0,Experienced Wicket-Takers
MJ Santner,IPL,Bowler,3,"Economical Bowlers, Low Recent Activity"
MJ Swepson,BBL,Bowler,0,Experienced Wicket-Takers
MK O'Riordan,T20_Blast,Bowler,2,Developing Bowlers
MM Ali,CPL,Bowler,1,Recent-Form Strike Bowlers
MM Patel,IPL,Bowler,3,"Economical Bowlers, Low Recent Activity"
MM Sharma,IPL,Bowler,0,Experienced Wicket-Takers
MN Samuels,IPL,Bowler,3,"Economical Bowlers, Low Recent Activity"
MP Dunn,T20_Blast,Bowler,1,Recent-Form Strike Bowlers
MP Kuhnemann,BBL,Bowler,0,Experienced Wicket-Takers
MR Quinn,T20_Blast,Bowler,2,Developing Bowlers
MRJ Watt,T20_Blast,Bowler,2,Developing Bowlers
MS Crane,T20_Blast,Bowler,0,Experienced Wicket-Takers
MS Gony,IPL,Bowler,2,Developing Bowlers
MT Stanley,T20_Blast,Bowler,1,Recent-Form Strike Bowlers
MT Steketee,BBL,Bowler,0,Experienced Wicket-Takers
MTC Waller,T20_Blast,Bowler,0,Experienced Wicket-Takers
MW Forde,CPL,Bowler,3,"Economical Bowlers, Low Recent Activity"
MW Parkinson,T20_Blast,Bowler,0,Experienced Wicket-Takers
MW Pillans,T20_Blast,Bowler,2,Developing Bowlers
Mahmudullah,CPL,Bowler,3,"Economical Bowlers, Low Recent Activity"
Mir Hamza,PSL,Bowler,1,Recent-Form Strike Bowlers
Mohammad Ali,PSL,Bowler,1,Recent-Form Strike Bowlers
Mohammad Amir,CPL,Bowler,1,Recent-Form Strike Bowlers
Mohammad Amir,PSL,Bowler,0,Experienced Wicket-Takers
Mohammad Amir,T20_Blast,Bowler,1,Recent-Form Strike Bowlers
Mohammad Asghar,PSL,Bowler,3,"Economical Bowlers, Low Recent Activity"
Mohammad Hasnain,PSL,Bowler,0,Experienced Wicket-Takers
Mohammad Ilyas,PSL,Bowler,2,Developing Bowlers
Mohammad Imran,PSL,Bowler,2,Developing Bowlers
Mohammad Irfan,CPL,Bowler,3,"Economical Bowlers, Low Recent Activity"
Mohammad Irfan,PSL,Bowler,0,Experienced Wicket-Takers
Mohammad Irfan (4),PSL,Bowler,2,Developing Bowlers
Mohammad Sami,CPL,Bowler,3,"Economical Bowlers, Low Recent Activity"
Mohammad Sami,PSL,Bowler,3,"Economical Bowlers, Low Recent Activity"
Mohammad Umar,PSL,Bowler,2,Developing Bowlers
Mohammad Wasim,PSL,Bowler,1,Recent-Form Strike Bowlers
Mohammed Shami,IPL,Bowler,0,Experienced Wicket-Takers
Mohammed Siraj,IPL,Bowler,0,Experienced Wicket-Takers
Mohsin Khan,IPL,Bowler,1,Recent-Form Strike Bowlers
Muhammad Musa,PSL,Bowler,1,Recent-Form Strike Bowlers
Mujeeb Ur Rahman,BBL,Bowler,0,Experienced Wicket-Takers
Mujeeb Ur Rahman,CPL,Bowler,1,Recent-Form Strike Bowlers
Mujeeb Ur Rahman,IPL,Bowler,3,"Economical Bowlers, Low Recent Activity"
Mujeeb Ur Rahman,PSL,Bowler,2,Developing Bowlers
Mujeeb Ur Rahman,T20_Blast,Bowler,3,"Economical Bowlers, Low Recent Activity"
Mukesh Choudhary,IPL,Bowler,1,Recent-Form Strike Bowlers
Mukesh Kumar,IPL,Bowler,1,Recent-Form Strike Bowlers
Mustafizur Rahman,IPL,Bowler,1,Recent-Form Strike Bowlers
N McAndrew,T20_Blast,Bowler,2,Developing Bowlers
NA Gordon,CPL,Bowler,2,Developing Bowlers
NA Sowter,T20_Blast,Bowler,0,Experienced Wicket-Takers
NB Cornwell,T20_Blast,Bowler,2,Developing Bowlers
ND Stewart,CPL,Bowler,2,Developing Bowlers
NJ Rimmington,BBL,Bowler,3,"Economical Bowlers, Low Recent Activity"
NJ Rimmington,T20_Blast,Bowler,0,Experienced Wicket-Takers
NL Buck,T20_Blast,Bowler,0,Experienced Wicket-Takers
NLTC Perera,CPL,Bowler,2,Developing Bowlers
NLTC Perera,PSL,Bowler,2,Developing Bowlers
NM Coulter-Nile,IPL,Bowler,3,"Economical Bowlers, Low Recent Activity"
NM Hauritz,BBL,Bowler,2,Developing Bowlers
NM Lyon,BBL,Bowler,3,"Economical Bowlers, Low Recent Activity"
NO Miller,CPL,Bowler,3,"Economical Bowlers, Low Recent Activity"
NRJ Young,CPL,Bowler,2,Developing Bowlers
NT Ellis,IPL,Bowler,1,Recent-Form Strike Bowlers
NT Ellis,T20_Blast,Bowler,1,Recent-Form Strike Bowlers
Naseem Shah,PSL,Bowler,0,Experienced Wicket-Takers
Navdeep Saini,IPL,Bowler,1,Recent-Form Strike Bowlers
Naveen-ul-Haq,CPL,Bowler,1,Recent-Form Strike Bowlers
Naveen-ul-Haq,IPL,Bowler,1,Recent-Form Strike Bowlers
Naveen-ul-Haq,PSL,Bowler,1,Recent-Form Strike Bowlers
Naveen-ul-Haq,T20_Blast,Bowler,1,Recent-Form Strike Bowlers
Noor Ahmad,CPL,Bowler,1,Recent-Form Strike Bowlers
Noor Ahmad,IPL,Bowler,1,Recent-Form Strike Bowlers
O Thomas,CPL,Bowler,1,Recent-Form Strike Bowlers
OC McCoy,CPL,Bowler,0,Experienced Wicket-Takers
OE Robinson,T20_Blast,Bowler,0,Experienced Wicket-Takers
OJ Hannon-Dalby,T20_Blast,Bowler,0,Experienced Wicket-Takers
OP Rayner,T20_Blast,Bowler,2,Developing Bowlers
OP Stone,T20_Blast,Bowler,0,Experienced Wicket-Takers
ORT Sale,T20_Blast,Bowler,2,Developing Bowlers
P Awana,IPL,Bowler,3,"Economical Bowlers, Low Recent Activity"
P Hatzoglou,BBL,Bowler,3,"Economical Bowlers, Low Recent Activity"
P Hatzoglou,T20_Blast,Bowler,1,Recent-Form Strike Bowlers
P Kumar,IPL,Bowler,0,Experienced Wicket-Takers
P Sisodiya,T20_Blast,Bowler,0,Experienced Wicket-Takers
PA van Meekeren,T20_Blast,Bowler,2,Developing Bowlers
PG Dooley,BBL,Bowler,1,Recent-Form Strike Bowlers
PI Walter,BBL,Bowler,1,Recent-Form Strike Bowlers
PJ Cummins,BBL,Bowler,2,Developing Bowlers
PJ Sangwan,IPL,Bowler,2,Developing Bowlers
PM Siddle,BBL,Bowler,0,Experienced Wicket-Takers
PM Siddle,T20_Blast,Bowler,1,Recent-Form Strike Bowlers
PP Ojha,IPL,Bowler,0,Experienced Wicket-Takers
PR Brown,T20_Blast,Bowler,0,Experienced Wicket-Takers
PV Tambe,IPL,Bowler,3,"Economical Bowlers, Low Recent Activity"
PVD Chameera,IPL,Bowler,2,Developing Bowlers
PWH de Silva,IPL,Bowler,1,Recent-Form Strike Bowlers
Pankaj Singh,IPL,Bowler,2,Developing Bowlers
Parvez Rasool,IPL,Bowler,2,Developing Bowlers
Qais Ahmad,BBL,Bowler,3,"Economical Bowlers, Low Recent Activity"
Qais Ahmad,CPL,Bowler,1,Recent-Form Strike Bowlers
Qais Ahmad,T20_Blast,Bowler,3,"Economical Bowlers, Low Recent Activity"
R McLaren,IPL,Bowler,2,Developing Bowlers
R McLaren,T20_Blast,Bowler,2,Developing Bowlers
R Rampaul,CPL,Bowler,1,Recent-Form Strike Bowlers
R Rampaul,IPL,Bowler,3,"Economical Bowlers, Low Recent Activity"
R Rampaul,T20_Blast,Bowler,3,"Economical Bowlers, Low Recent Activity"
R Sai Kishore,IPL,Bowler,1,Recent-Form Strike Bowlers
R Sharma,IPL,Bowler,3,"Economical Bowlers, Low Recent Activity"
R Vinay Kumar,IPL,Bowler,0,Experienced Wicket-Takers
RA Stevenson,T20_Blast,Bowler,2,Developing Bowlers
RD Chahar,IPL,Bowler,0,Experienced Wicket-Takers
RE van der Merwe,CPL,Bowler,2,Developing Bowlers
RE van der Merwe,IPL,Bowler,3,"Economical Bowlers, Low Recent Activity"
RH Patel,T20_Blast,Bowler,3,"Economical Bowlers, Low Recent Activity"
RI Walker,T20_Blast,Bowler,1,Recent-Form Strike Bowlers
RJ Gleeson,T20_Blast,Bowler,0,Experienced Wicket-Takers
RJ Peterson,CPL,Bowler,3,"Economical Bowlers, Low Recent Activity"
RJ Peterson,T20_Blast,Bowler,3,"Economical Bowlers, Low Recent Activity"
RJW Topley,T20_Blast,Bowler,0,Experienced Wicket-Takers
RM Pyrah,T20_Blast,Bowler,3,"Economical Bowlers, Low Recent Activity"
RML Taylor,T20_Blast,Bowler,2,Developing Bowlers
RO Gordon,T20_Blast,Bowler,3,"Economical Bowlers, Low Recent Activity"
RP Meredith,BBL,Bowler,0,Experienced Wicket-Takers
RP Meredith,IPL,Bowler,1,Recent-Form Strike Bowlers
RP Meredith,T20_Blast,Bowler,1,Recent-Form Strike Bowlers
RP Singh,IPL,Bowler,0,Experienced Wicket-Takers
RR Beaton,CPL,Bowler,2,Developing Bowlers
RR Emrit,CPL,Bowler,0,Experienced Wicket-Takers
RR Powar,IPL,Bowler,3,"Economical Bowlers, Low Recent Activity"
RR Raje,IPL,Bowler,2,Developing Bowlers
RR Simmonds,CPL,Bowler,2,Developing Bowlers
Rahat Ali,PSL,Bowler,3,"Economical Bowlers, Low Recent Activity"
Rashid Khan,CPL,Bowler,3,"Economical Bowlers, Low Recent Activity"
Rashid Khan,T20_Blast,Bowler,1,Recent-Form Strike Bowlers
Rasikh Salam,IPL,Bowler,2,Developing Bowlers
Ravi Bishnoi,IPL,Bowler,0,Experienced Wicket-Takers
Rumman Raees,PSL,Bowler,0,Experienced Wicket-Takers
S Aravind,IPL,Bowler,3,"Economical Bowlers, Low Recent Activity"
S Badree,BBL,Bowler,3,"Economical Bowlers, Low Recent Activity"
S Badree,CPL,Bowler,3,"Economical Bowlers, Low Recent Activity"
S Badree,IPL,Bowler,3,"Economical Bowlers, Low Recent Activity"
S Conners,T20_Blast,Bowler,2,Developing Bowlers
S Gopal,IPL,Bowler,1,Recent-Form Strike Bowlers
S Joseph,CPL,Bowler,2,Developing Bowlers
S Kaul,IPL,Bowler,3,"Economical Bowlers, Low Recent Activity"
S Kaushik,IPL,Bowler,2,Developing Bowlers
S Lamichhane,BBL,Bowler,3,"Economical Bowlers, Low Recent Activity"
S Lamichhane,CPL,Bowler,3,"Economical Bowlers, Low Recent Activity"
S Mahmood,T20_Blast,Bowler,1,Recent-Form Strike Bowlers
S Nadeem,IPL,Bowler,3,"Economical Bowlers, Low Recent Activity"
S Prasanna,T20_Blast,Bowler,3,"Economical Bowlers, Low Recent Activity"
S Sandeep Warrier,IPL,Bowler,2,Developing Bowlers
S Shillingford,CPL,Bowler,3,"Economical Bowlers, Low Recent Activity"
S Snater,T20_Blast,Bowler,2,Developing Bowlers
S Sreesanth,IPL,Bowler,3,"Economical Bowlers, Low Recent Activity"
S Tyagi,IPL,Bowler,2,Developing Bowlers
SA Abbott,T20_Blast,Bowler,1,Recent-Form Strike Bowlers
SA Jacobs,CPL,Bowler,3,"Economical Bowlers, Low Recent Activity"
SA Patterson,T20_Blast,Bowler,3,"Economical Bowlers, Low Recent Activity"
SA Piolet,T20_Blast,Bowler,3,"Economical Bowlers, Low Recent Activity"
SB Jakati,IPL,Bowler,3,"Economical Bowlers, Low Recent Activity"
SB Styris,IPL,Bowler,3,"Economical Bowlers, Low Recent Activity"
SC Kuggeleijn,CPL,Bowler,1,Recent-Form Strike Bowlers
SD Parry,T20_Blast,Bowler,0,Experienced Wicket-Takers
SH Johnson,BBL,Bowler,1,Recent-Form Strike Bowlers
SJ Benn,CPL,Bowler,3,"Economical Bowlers, Low Recent Activity"
SJ Cook,T20_Blast,Bowler,0,Experienced Wicket-Takers
SJ Coyte,BBL,Bowler,3,"Economical Bowlers, Low Recent Activity"
SJ Srivastava,IPL,Bowler,2,Developing Bowlers
SK Trivedi,IPL,Bowler,3,"Economical Bowlers, Low Recent Activity"
SK Warne,BBL,Bowler,3,"Economical Bowlers, Low Recent Activity"
SKW Wood,T20_Blast,Bowler,2,Developing Bowlers
SL Malinga,BBL,Bowler,3,"Economical Bowlers, Low Recent Activity"
SL Malinga,IPL,Bowler,0,Experienced Wicket-Takers
SL Rainbird,BBL,Bowler,2,Developing Bowlers
SM Boland,BBL,Bowler,0,Experienced Wicket-Takers
SM Pollock,IPL,Bowler,3,"Economical Bowlers, Low Recent Activity"
SN Thakur,IPL,Bowler,0,Experienced Wicket-Takers
SNJ O'Keefe,BBL,Bowler,0,Experienced Wicket-Takers
SS Cottrell,CPL,Bowler,0,Experienced Wicket-Takers
ST Finn,T20_Blast,Bowler,0,Experienced Wicket-Takers
ST Gabriel,CPL,Bowler,3,"Economical Bowlers, Low Recent Activity"
SW Currie,T20_Blast,Bowler,1,Recent-Form Strike Bowlers
SW Tait,BBL,Bowler,3,"Economical Bowlers, Low Recent Activity"
SW Tait,IPL,Bowler,3,"Economical Bowlers, Low Recent Activity"
SW Tait,T20_Blast,Bowler,3,"Economical Bowlers, Low Recent Activity"
Saeed Ajmal,PSL,Bowler,3,"Economical Bowlers, Low Recent Activity"
Saeed Ajmal,T20_Blast,Bowler,3,"Economical Bowlers, Low Recent Activity"
Salman Irshad,PSL,Bowler,1,Recent-Form Strike Bowlers
Sameen Gul,PSL,Bowler,1,Recent-Form Strike Bowlers
Sandeep Sharma,IPL,Bowler,0,Experienced Wicket-Takers
Shaheen Shah Afridi,PSL,Bowler,0,Experienced Wicket-Takers
Shaheen Shah Afridi,T20_Blast,Bowler,1,Recent-Form Strike Bowlers
Shahid Afridi,CPL,Bowler,2,Developing Bowlers
Shahid Afridi,IPL,Bowler,3,"Economical Bowlers, Low Recent Activity"
Shahnawaz Dhani,PSL,Bowler,1,Recent-Form Strike Bowlers
Shivam Mavi,IPL,Bowler,2,Developing Bowlers
Sikandar Raza,CPL,Bowler,3,"Economical Bowlers, Low Recent Activity"
Simarjeet Singh,IPL,Bowler,2,Developing Bowlers
Sohail Tanvir,IPL,Bowler,3,"Economical Bowlers, Low Recent Activity"
Suyash Sharma,IPL,Bowler,2,Developing Bowlers
Swapnil Singh,IPL,Bowler,2,Developing Bowlers
T Hinds,CPL,Bowler,2,Developing Bowlers
T Murphy,BBL,Bowler,3,"Economical Bowlers, Low Recent Activity"
T Natarajan,IPL,Bowler,1,Recent-Form Strike Bowlers
T Sangha,BBL,Bowler,1,Recent-Form Strike Bowlers
T Shamsi,CPL,Bowler,1,Recent-Form Strike Bowlers
TA Boult,IPL,Bowler,0,Experienced Wicket-Takers
TD Andrews,BBL,Bowler,3,"Economical Bowlers, Low Recent Activity"
TD Groenewald,T20_Blast,Bowler,2,Developing Bowlers
TE Bailey,T20_Blast,Bowler,2,Developing Bowlers
TE Barber,T20_Blast,Bowler,2,Developing Bowlers
TE Lawes,T20_Blast,Bowler,2,Developing Bowlers
TG Helm,T20_Blast,Bowler,0,Experienced Wicket-Takers
TG Southee,IPL,Bowler,1,Recent-Form Strike Bowlers
TG Southee,T20_Blast,Bowler,3,"Economical Bowlers, Low Recent Activity"
TJ Lester,T20_Blast,Bowler,3,"Economical Bowlers, Low Recent Activity"
TJ Phillips,T20_Blast,Bowler,2,Developing Bowlers
TK Curran,IPL,Bowler,2,Developing Bowlers
TL Best,CPL,Bowler,2,Developing Bowlers
TMJ Smith,T20_Blast,Bowler,0,Experienced Wicket-Takers
TN Walallawita,T20_Blast,Bowler,2,Developing Bowlers
TS Mills,BBL,Bowler,3,"Economical Bowlers, Low Recent Activity"
TS Mills,IPL,Bowler,1,Recent-Form Strike Bowlers
TS Mills,PSL,Bowler,1,Recent-Form Strike Bowlers
TS Mills,T20_Blast,Bowler,0,Experienced Wicket-Takers
TT Bresnan,BBL,Bowler,3,"Economical Bowlers, Low Recent Activity"
TU Deshpande,IPL,Bowler,1,Recent-Form Strike Bowlers
TW Hartley,T20_Blast,Bowler,0,Experienced Wicket-Takers
UT Yadav,IPL,Bowler,0,Experienced Wicket-Takers
Umaid Asif,PSL,Bowler,0,Experienced Wicket-Takers
Umer Khan,PSL,Bowler,3,"Economical Bowlers, Low Recent Activity"
Umran Malik,IPL,Bowler,1,Recent-Form Strike Bowlers
Usama Mir,BBL,Bowler,1,Recent-Form Strike Bowlers
Usama Mir,PSL,Bowler,0,Experienced Wicket-Takers
Usama Mir,T20_Blast,Bowler,1,Recent-Form Strike Bowlers
Usman Qadir,BBL,Bowler,2,Developing Bowlers
Usman Qadir,PSL,Bowler,1,Recent-Form Strike Bowlers
Usman Shinwari,PSL,Bowler,0,Experienced Wicket-Takers
V Permaul,CPL,Bowler,0,Experienced Wicket-Takers
VG Arora,IPL,Bowler,2,Developing Bowlers
VR Aaron,IPL,Bowler,2,Developing Bowlers
VRV Singh,IPL,Bowler,2,Developing Bowlers
VS Malik,IPL,Bowler,2,Developing Bowlers
VY Mahesh,IPL,Bowler,3,"Economical Bowlers, Low Recent Activity"
Vijaykumar Vyshak,IPL,Bowler,1,Recent-Form Strike Bowlers
WA Agar,BBL,Bowler,0,Experienced Wicket-Takers
WA White,T20_Blast,Bowler,2,Developing Bowlers
WB Rankin,T20_Blast,Bowler,2,Developing Bowlers
WD Parnell,CPL,Bowler,3,"Economical Bowlers, Low Recent Activity"
WD Parnell,IPL,Bowler,1,Recent-Form Strike Bowlers
WD Sheridan,BBL,Bowler,2,Developing Bowlers
WPUJC Vaas,IPL,Bowler,3,"Economical Bowlers, Low Recent Activity"
WS Davis,T20_Blast,Bowler,2,Developing Bowlers
Wahab Riaz,CPL,Bowler,3,"Economical Bowlers, Low Recent Activity"
Wahab Riaz,T20_Blast,Bowler,3,"Economical Bowlers, Low Recent Activity"
Waqar Salamkheil,CPL,Bowler,1,Recent-Form Strike Bowlers
Waqas Maqsood,PSL,Bowler,1,Recent-Form Strike Bowlers
XC Bartlett,BBL,Bowler,1,Recent-Form Strike Bowlers
XJ Doherty,BBL,Bowler,3,"Economical Bowlers, Low Recent Activity"
YA Abdulla,IPL,Bowler,3,"Economical Bowlers, Low Recent Activity"
YS Chahal,IPL,Bowler,0,Experienced Wicket-Takers
Yash Dayal,IPL,Bowler,2,Developing Bowlers
Yash Thakur,IPL,Bowler,1,Recent-Form Strike Bowlers
Yasir Arafat,BBL,Bowler,3,"Economical Bowlers, Low Recent Activity"
Yasir Arafat,T20_Blast,Bowler,2,Developing Bowlers
Yasir Shah,PSL,Bowler,3,"Economical Bowlers, Low Recent Activity"
Z Evans,BBL,Bowler,2,Developing Bowlers
Z Khan,IPL,Bowler,0,Experienced Wicket-Takers
Zafar Gohar,PSL,Bowler,3,"Economical Bowlers, Low Recent Activity"
Zahid Mahmood,PSL,Bowler,1,Recent-Form Strike Bowlers
Zahir Khan,BBL,Bowler,3,"Economical Bowlers, Low Recent Activity"
Zahir Khan,CPL,Bowler,3,"Economical Bowlers, Low Recent Activity"
Zaman Khan,PSL,Bowler,1,Recent-Form Strike Bowlers
Zaman Khan,T20_Blast,Bowler,1,Recent-Form Strike Bowlers
Zulfiqar Babar,PSL,Bowler,3,"Economical Bowlers, Low Recent Activity"
